{
    "author": "Josh.5, BishopDynamics, vinicima",
    "compatibility": [
        2
    ],
    "description": "Transcode the video streams of a video file using Apple videotoolbox hardware accelleration on Apple Silicon SoCs",
    "icon": "https://raw.githubusercontent.com/bishopdynamics/unmanic-plugins-bishopdynamics/master/source/video_transcoder_apple/icon.png",
    "id": "video_transcoder_apple",
    "name": "Transcode Video Files with Apple videotoolbox With Metadata",
    "priorities": {
        "on_library_management_file_test": 10,
        "on_worker_process": 1
    },
    "tags": "video,ffmpeg",
    "version": "0.0.1"
}
