{
    "author": "Marcos Gabriel (VideoToolbox support)",
    "compatibility": [
        2
    ],
    "description": "Transcode the video streams of a video file",
    "icon": "https://raw.githubusercontent.com/Unmanic/plugin.video_transcoder/master/icon.png",
    "id": "video_transcoder",
    "name": "Transcode Video Files with HW With Metadata",
    "priorities": {
        "on_library_management_file_test": 10,
        "on_worker_process": 1
    },
    "tags": "video,ffmpeg",
    "version": "0.2.0"
}
