{
    "author": "marcosviniciusi",
    "compatibility": [
        1,
        2
    ],
    "description": "Ignore files with processed metadata tag.",
    "icon": "https://raw.githubusercontent.com/Josh5/unmanic.plugin.ignore_files_recently_modified/master/icon.png",
    "id": "ignore_metadata_unmanic",
    "name": "Ignore Metadata Unmanic",
    "platform": [
        "all"
    ],
    "priorities": {
        "on_library_management_file_test": 2
    },
    "tags": "library file test",
    "version": "0.0.1"
}